{
   "product_categories" : [
      {
         "id" : 171,
         "name" : "All Footwear",
         "slug" : "all-footwear",
         "parent" : 159,
         "description" : "",
         "display" : "default",
         "image" : "",
         "count" : 0
      },
      {
         "id" : 172,
         "name" : "All Watches",
         "slug" : "all-watches",
         "parent" : 159,
         "description" : "",
         "display" : "default",
         "image" : "",
         "count" : 3
      },
      {
         "id" : 158,
         "name" : "Computers",
         "slug" : "computers",
         "parent" : 0,
         "description" : "",
         "display" : "default",
         "image" : "",
         "count" : 7
      },
      {
         "id" : 170,
         "name" : "Desktop",
         "slug" : "desktop",
         "parent" : 158,
         "description" : "",
         "display" : "default",
         "image" : "",
         "count" : 4
      },
      {
         "id" : 160,
         "name" : "Electronics",
         "slug" : "electronics",
         "parent" : 0,
         "description" : "",
         "display" : "default",
         "image" : "",
         "count" : 2
      },
      {
         "id" : 162,
         "name" : "Exclusive",
         "slug" : "exclusive",
         "parent" : 0,
         "description" : "",
         "display" : "default",
         "image" : "",
         "count" : 5
      },
      {
         "id" : 161,
         "name" : "Furnishing",
         "slug" : "furnishing",
         "parent" : 0,
         "description" : "",
         "display" : "default",
         "image" : "",
         "count" : 4
      },
      {
         "id" : 166,
         "name" : "Home Decor",
         "slug" : "home-decor",
         "parent" : 161,
         "description" : "",
         "display" : "default",
         "image" : "",
         "count" : 2
      },
      {
         "id" : 165,
         "name" : "Home Furnishing",
         "slug" : "home-furnishing",
         "parent" : 161,
         "description" : "",
         "display" : "default",
         "image" : "",
         "count" : 2
      },
      {
         "id" : 179,
         "name" : "Keybord",
         "slug" : "keybord",
         "parent" : 0,
         "description" : "",
         "display" : "default",
         "image" : "",
         "count" : 1
      },
      {
         "id" : 164,
         "name" : "Kitchen &amp; Dining",
         "slug" : "kitchen-dining",
         "parent" : 161,
         "description" : "",
         "display" : "default",
         "image" : "",
         "count" : 2
      },
      {
         "id" : 169,
         "name" : "Laptops",
         "slug" : "laptops",
         "parent" : 158,
         "description" : "",
         "display" : "default",
         "image" : "",
         "count" : 26
      },
      {
         "id" : 168,
         "name" : "LED Bulbs",
         "slug" : "led-bulbs",
         "parent" : 160,
         "description" : "",
         "display" : "default",
         "image" : "",
         "count" : 0
      },
      {
         "id" : 159,
         "name" : "Lifestyle",
         "slug" : "lifestyle",
         "parent" : 0,
         "description" : "",
         "display" : "default",
         "image" : "",
         "count" : 7
      },
      {
         "id" : 157,
         "name" : "Mobiles and Tablets",
         "slug" : "mobiles-and-tablets",
         "parent" : 0,
         "description" : "",
         "display" : "default",
         "image" : "",
         "count" : 13
      },
      {
         "id" : 174,
         "name" : "Top Brands",
         "slug" : "top-brands",
         "parent" : 157,
         "description" : "",
         "display" : "default",
         "image" : "",
         "count" : 11
      },
      {
         "id" : 175,
         "name" : "TOP OS",
         "slug" : "top-os",
         "parent" : 157,
         "description" : "",
         "display" : "default",
         "image" : "",
         "count" : 9
      },
      {
         "id" : 173,
         "name" : "Trending",
         "slug" : "trending",
         "parent" : 159,
         "description" : "",
         "display" : "default",
         "image" : "",
         "count" : 3
      },
      {
         "id" : 163,
         "name" : "Upcoming Products",
         "slug" : "upcoming-products",
         "parent" : 0,
         "description" : "",
         "display" : "default",
         "image" : "",
         "count" : 5
      },
      {
         "id" : 167,
         "name" : "Washing Machines",
         "slug" : "washing-machines",
         "parent" : 160,
         "description" : "",
         "display" : "default",
         "image" : "",
         "count" : 1
      },
      {
         "id" : 178,
         "name" : "Wired Mobile/Tablet Speaker",
         "slug" : "wired-mobiletablet-speaker",
         "parent" : 0,
         "description" : "",
         "display" : "default",
         "image" : "",
         "count" : 1
      }
   ]
}
