{
   "kind" : "t3",
   "data" : {
      "domain" : "wsj.com",
      "banned_by" : null,
      "media_embed" : {},
      "subreddit" : "Android",
      "selftext_html" : null,
      "selftext" : "",
      "likes" : null,
      "suggested_sort" : null,
      "user_reports" : [],
      "secure_media" : null,
      "link_flair_text" : null,
      "id" : "458i74",
      "from_kind" : null,
      "gilded" : 0,
      "archived" : false,
      "clicked" : false,
      "report_reasons" : null,
      "author" : "AnnKorobkina",
      "media" : null,
      "score" : 1,
      "approved_by" : null,
      "over_18" : false,
      "hidden" : false,
      "preview" : {
         "images" : [
            {
               "source" : {
                  "url" : "https://i.redditmedia.com/KvZmF_18D3Jbqotvyo0cSUapIoRDsbUe-Z_57UlTPQU.jpg?s=a7d6cb1ea2b4b2fb7855d24e900a0485",
                  "width" : 553,
                  "height" : 369
               },
               "resolutions" : [
                  {
                     "url" : "https://i.redditmedia.com/KvZmF_18D3Jbqotvyo0cSUapIoRDsbUe-Z_57UlTPQU.jpg?fit=crop&amp;crop=faces%2Centropy&amp;arh=2&amp;w=108&amp;s=8c4908d991b7972bc2f7db53e93b7759",
                     "width" : 108,
                     "height" : 72
                  },
                  {
                     "url" : "https://i.redditmedia.com/KvZmF_18D3Jbqotvyo0cSUapIoRDsbUe-Z_57UlTPQU.jpg?fit=crop&amp;crop=faces%2Centropy&amp;arh=2&amp;w=216&amp;s=be25bb1790ede0566f6ad3d6b105a90c",
                     "width" : 216,
                     "height" : 144
                  },
                  {
                     "url" : "https://i.redditmedia.com/KvZmF_18D3Jbqotvyo0cSUapIoRDsbUe-Z_57UlTPQU.jpg?fit=crop&amp;crop=faces%2Centropy&amp;arh=2&amp;w=320&amp;s=aa81199428f23c9894764680f7ca3833",
                     "width" : 320,
                     "height" : 213
                  }
               ],
               "variants" : {},
               "id" : "8Pm_Modyrloh1GFjRo_0tKO9t4uej4d-l1XJXtIh0dY"
            }
         ]
      },
      "num_comments" : 0,
      "thumbnail" : "http://b.thumbs.redditmedia.com/R7VXFP3XPbZ6GLCXdrfkpQJrFQjPMUzTaVVWFinhQzA.jpg",
      "subreddit_id" : "t5_2qlqh",
      "hide_score" : true,
      "edited" : false,
      "link_flair_css_class" : null,
      "author_flair_css_class" : null,
      "downs" : 0,
      "secure_media_embed" : {},
      "saved" : false,
      "removal_reason" : null,
      "post_hint" : "link",
      "stickied" : false,
      "from" : null,
      "is_self" : false,
      "from_id" : null,
      "permalink" : "/r/Android/comments/458i74/tech_fails_what_annoys_us_most_about_gadgets_and/",
      "locked" : false,
      "name" : "t3_458i74",
      "created" : 1455222166.0,
      "url" : "http://www.wsj.com/articles/tech-fails-what-annoys-us-most-about-gadgets-and-apps-in-2016-1455128746?mod=LS1",
      "author_flair_text" : null,
      "quarantine" : false,
      "title" : "Tech Fails: What Annoys Us Most About Gadgets and Apps in 2016",
      "created_utc" : 1455193366.0,
      "distinguished" : null,
      "mod_reports" : [],
      "visited" : false,
      "num_reports" : null,
      "ups" : 1
   }
}
