{"kind": "Listing", "data": {"modhash": "", "children": [{"kind": "t3", "data": {"domain": "wsj.com", "banned_by": null, "media_embed": {}, "subreddit": "Android", "selftext_html": null, "selftext": "", "likes": null, "suggested_sort": null, "user_reports": [], "secure_media": null, "link_flair_text": null, "id": "458i74", "from_kind": null, "gilded": 0, "archived": false, "clicked": false, "report_reasons": null, "author": "AnnKorobkina", "media": null, "score": 1, "approved_by": null, "over_18": false, "hidden": false, "preview": {"images": [{"source": {"url": "https://i.redditmedia.com/KvZmF_18D3Jbqotvyo0cSUapIoRDsbUe-Z_57UlTPQU.jpg?s=a7d6cb1ea2b4b2fb7855d24e900a0485", "width": 553, "height": 369}, "resolutions": [{"url": "https://i.redditmedia.com/KvZmF_18D3Jbqotvyo0cSUapIoRDsbUe-Z_57UlTPQU.jpg?fit=crop&amp;crop=faces%2Centropy&amp;arh=2&amp;w=108&amp;s=8c4908d991b7972bc2f7db53e93b7759", "width": 108, "height": 72}, {"url": "https://i.redditmedia.com/KvZmF_18D3Jbqotvyo0cSUapIoRDsbUe-Z_57UlTPQU.jpg?fit=crop&amp;crop=faces%2Centropy&amp;arh=2&amp;w=216&amp;s=be25bb1790ede0566f6ad3d6b105a90c", "width": 216, "height": 144}, {"url": "https://i.redditmedia.com/KvZmF_18D3Jbqotvyo0cSUapIoRDsbUe-Z_57UlTPQU.jpg?fit=crop&amp;crop=faces%2Centropy&amp;arh=2&amp;w=320&amp;s=aa81199428f23c9894764680f7ca3833", "width": 320, "height": 213}], "variants": {}, "id": "8Pm_Modyrloh1GFjRo_0tKO9t4uej4d-l1XJXtIh0dY"}]}, "num_comments": 0, "thumbnail": "http://b.thumbs.redditmedia.com/R7VXFP3XPbZ6GLCXdrfkpQJrFQjPMUzTaVVWFinhQzA.jpg", "subreddit_id": "t5_2qlqh", "hide_score": true, "edited": false, "link_flair_css_class": null, "author_flair_css_class": null, "downs": 0, "secure_media_embed": {}, "saved": false, "removal_reason": null, "post_hint": "link", "stickied": false, "from": null, "is_self": false, "from_id": null, "permalink": "/r/Android/comments/458i74/tech_fails_what_annoys_us_most_about_gadgets_and/", "locked": false, "name": "t3_458i74", "created": 1455222166.0, "url": "http://www.wsj.com/articles/tech-fails-what-annoys-us-most-about-gadgets-and-apps-in-2016-1455128746?mod=LS1", "author_flair_text": null, "quarantine": false, "title": "Tech Fails: What Annoys Us Most About Gadgets and Apps in 2016", "created_utc": 1455193366.0, "distinguished": null, "mod_reports": [], "visited": false, "num_reports": null, "ups": 1}}, {"kind": "t3", "data": {"domain": "googleappsupdates.blogspot.com", "banned_by": null, "media_embed": {}, "subreddit": "Android", "selftext_html": null, "selftext": "", "likes": null, "suggested_sort": null, "user_reports": [], "secure_media": null, "link_flair_text": null, "id": "458f0d", "from_kind": null, "gilded": 0, "archived": false, "clicked": false, "report_reasons": null, "author": "VJTigas", "media": null, "score": 2, "approved_by": null, "over_18": false, "hidden": false, "preview": {"images": [{"source": {"url": "https://i.redditmedia.com/MtSjwMdvnd_05ZbzlvE0X21sghrihi1ZrsCPHdZ-o_8.jpg?s=c6d854d401c7df613b53cdb9cda7561e", "width": 72, "height": 72}, "resolutions": [], "variants": {}, "id": "1uCTuuJCAuuRzExH_34va5I6xAaqVyFu09tFRpe573A"}]}, "num_comments": 0, "thumbnail": "http://b.thumbs.redditmedia.com/ZeBD-CBxSXiaqva_3PKTSwnWqaSTHUDVcldhnkU3rCI.jpg", "subreddit_id": "t5_2qlqh", "hide_score": true, "edited": false, "link_flair_css_class": null, "author_flair_css_class": "userGray", "downs": 0, "secure_media_embed": {}, "saved": false, "removal_reason": null, "post_hint": "link", "stickied": false, "from": null, "is_self": false, "from_id": null, "permalink": "/r/Android/comments/458f0d/notification_settings_and_more_in_the_latest/", "locked": false, "name": "t3_458f0d", "created": 1455220475.0, "url": "http://googleappsupdates.blogspot.com/2016/02/notification-settings-and-more-in.html", "author_flair_text": "MyPhone UNO (Android One) - Marshmallow", "quarantine": false, "title": "Notification settings and more in the latest Google Docs, Sheets, and Slides Android apps", "created_utc": 1455191675.0, "distinguished": null, "mod_reports": [], "visited": false, "num_reports": null, "ups": 2}}, {"kind": "t3", "data": {"domain": "twitter.com", "banned_by": null, "media_embed": {}, "subreddit": "Android", "selftext_html": null, "selftext": "", "likes": null, "suggested_sort": null, "user_reports": [], "secure_media": null, "link_flair_text": "Samsung", "id": "458der", "from_kind": null, "gilded": 0, "archived": false, "clicked": false, "report_reasons": null, "author": "OiYou", "media": null, "score": 4, "approved_by": null, "over_18": false, "hidden": false, "preview": {"images": [{"source": {"url": "https://i.redditmedia.com/HKjif1CZZv47RfJ5RoSERnOaWnQTDfpaQC0hvdWvTRk.jpg?s=bf8356325d1c95c4b9d76c5c1a7545e1", "width": 400, "height": 400}, "resolutions": [{"url": "https://i.redditmedia.com/HKjif1CZZv47RfJ5RoSERnOaWnQTDfpaQC0hvdWvTRk.jpg?fit=crop&amp;crop=faces%2Centropy&amp;arh=2&amp;w=108&amp;s=10326a60842161c0d0b6ba572209532a", "width": 108, "height": 108}, {"url": "https://i.redditmedia.com/HKjif1CZZv47RfJ5RoSERnOaWnQTDfpaQC0hvdWvTRk.jpg?fit=crop&amp;crop=faces%2Centropy&amp;arh=2&amp;w=216&amp;s=797d3b26d1d59cbdeab99f85df69c2c2", "width": 216, "height": 216}, {"url": "https://i.redditmedia.com/HKjif1CZZv47RfJ5RoSERnOaWnQTDfpaQC0hvdWvTRk.jpg?fit=crop&amp;crop=faces%2Centropy&amp;arh=2&amp;w=320&amp;s=a11898d5d75cb26b0add558d71fb16fa", "width": 320, "height": 320}], "variants": {}, "id": "UXoRkWl00wpIsefTecawe0cFlRINyJcJI6CfO_-5ZPg"}]}, "num_comments": 2, "thumbnail": "http://b.thumbs.redditmedia.com/QwASWEANdud91yxvZn_2G4cJ9oJ5YwWysBS39D5trHc.jpg", "subreddit_id": "t5_2qlqh", "hide_score": true, "edited": false, "link_flair_css_class": "samsung", "author_flair_css_class": null, "downs": 0, "secure_media_embed": {}, "saved": false, "removal_reason": null, "post_hint": "link", "stickied": false, "from": null, "is_self": false, "from_id": null, "permalink": "/r/Android/comments/458der/htc_perfume_to_use_imx377_w_laser_autofocus_pdaf/", "locked": false, "name": "t3_458der", "created": 1455219537.0, "url": "https://twitter.com/LlabTooFeR/status/697729373567328256", "author_flair_text": null, "quarantine": false, "title": "HTC Perfume to use IMX377 w/ Laser Autofocus + PDAF &amp; Samsung s5k4e6 5MP front camera", "created_utc": 1455190737.0, "distinguished": null, "mod_reports": [], "visited": false, "num_reports": null, "ups": 4}}, {"kind": "t3", "data": {"domain": "self.Android", "banned_by": null, "media_embed": {}, "subreddit": "Android", "selftext_html": "&lt;!-- SC_OFF --&gt;&lt;div class=\"md\"&gt;&lt;p&gt;&lt;strong&gt;Credits to the team at &lt;a href=\"/r/PickAnAndroidForMe\"&gt;/r/PickAnAndroidForMe&lt;/a&gt; for compiling this information:&lt;/strong&gt;&lt;/p&gt;\n\n&lt;ul&gt;\n&lt;li&gt;&lt;p&gt;&lt;a href=\"https://www.reddit.com/r/PickAnAndroidForMe/wiki/index#wiki_current_flagship_phones\"&gt;Current Flagship Phones&lt;/a&gt;  &lt;/p&gt;&lt;/li&gt;\n&lt;li&gt;&lt;p&gt;&lt;a href=\"https://www.reddit.com/r/PickAnAndroidForMe/wiki/index#wiki_upcoming_flagship_phones\"&gt;Upcoming Flagship Phones&lt;/a&gt;  &lt;/p&gt;&lt;/li&gt;\n&lt;li&gt;&lt;p&gt;&lt;a href=\"https://www.reddit.com/r/PickAnAndroidForMe/wiki/index#wiki_tablets\"&gt;Current Flagship Tablets&lt;/a&gt;  &lt;/p&gt;&lt;/li&gt;\n&lt;li&gt;&lt;p&gt;&lt;a href=\"https://www.reddit.com/r/PickAnAndroidForMe/wiki/index#wiki_smartwatches\"&gt;Current Flagship Smartwatches&lt;/a&gt;&lt;/p&gt;&lt;/li&gt;\n&lt;li&gt;&lt;p&gt;&lt;a href=\"https://www.reddit.com/r/PickAnAndroidForMe/wiki/index#wiki_phone_contracts\"&gt;On-contract vs. off-contract&lt;/a&gt;  &lt;/p&gt;&lt;/li&gt;\n&lt;li&gt;&lt;p&gt;&lt;a href=\"https://www.reddit.com/r/PickAnAndroidForMe/wiki/index#wiki_gsm_vs._cdma\"&gt;GSM vs. CDMA&lt;/a&gt;  &lt;/p&gt;&lt;/li&gt;\n&lt;li&gt;&lt;p&gt;&lt;a href=\"https://www.reddit.com/r/PickAnAndroidForMe/wiki/index#wiki_faq\"&gt;Other FAQs&lt;/a&gt;  &lt;/p&gt;&lt;/li&gt;\n&lt;li&gt;&lt;p&gt;&lt;a href=\"https://www.reddit.com/r/PickAnAndroidForMe/wiki/index#wiki_resources\"&gt;Misc. resources&lt;/a&gt;&lt;/p&gt;&lt;/li&gt;\n&lt;/ul&gt;\n\n&lt;hr/&gt;\n\n&lt;p&gt;Note 1. Join us at &lt;a href=\"/r/MoronicMondayAndroid\"&gt;/r/MoronicMondayAndroid&lt;/a&gt;, a sub serving as a repository for our retired weekly threads. Just pick any thread and Ctrl-F your way to wisdom! &lt;/p&gt;\n\n&lt;p&gt;Note 2. Join our Discord, IRC, and Telegram chat-rooms! &lt;a href=\"https://www.reddit.com/r/Android/wiki/index#wiki_.2Fr.2Fandroid_chat_rooms\"&gt;Please see our wiki for instructions.&lt;/a&gt;&lt;/p&gt;\n&lt;/div&gt;&lt;!-- SC_ON --&gt;", "selftext": "\n**Credits to the team at /r/PickAnAndroidForMe for compiling this information:**\n\n* [Current Flagship Phones](https://www.reddit.com/r/PickAnAndroidForMe/wiki/index#wiki_current_flagship_phones)  \n\n* [Upcoming Flagship Phones](https://www.reddit.com/r/PickAnAndroidForMe/wiki/index#wiki_upcoming_flagship_phones)  \n\n* [Current Flagship Tablets](https://www.reddit.com/r/PickAnAndroidForMe/wiki/index#wiki_tablets)  \n\n* [Current Flagship Smartwatches](https://www.reddit.com/r/PickAnAndroidForMe/wiki/index#wiki_smartwatches)\n\n* [On-contract vs. off-contract](https://www.reddit.com/r/PickAnAndroidForMe/wiki/index#wiki_phone_contracts)  \n\n* [GSM vs. CDMA](https://www.reddit.com/r/PickAnAndroidForMe/wiki/index#wiki_gsm_vs._cdma)  \n\n* [Other FAQs](https://www.reddit.com/r/PickAnAndroidForMe/wiki/index#wiki_faq)  \n\n* [Misc. resources](https://www.reddit.com/r/PickAnAndroidForMe/wiki/index#wiki_resources)\n\n\n***        \nNote 1. Join us at /r/MoronicMondayAndroid, a sub serving as a repository for our retired weekly threads. Just pick any thread and Ctrl-F your way to wisdom! \n\nNote 2. Join our Discord, IRC, and Telegram chat-rooms! [Please see our wiki for instructions.](https://www.reddit.com/r/Android/wiki/index#wiki_.2Fr.2Fandroid_chat_rooms)\n", "likes": null, "suggested_sort": "new", "user_reports": [], "secure_media": null, "link_flair_text": null, "id": "4589jx", "from_kind": null, "gilded": 0, "archived": false, "clicked": false, "report_reasons": null, "author": "AutoModerator", "media": null, "score": 5, "approved_by": null, "over_18": false, "hidden": false, "num_comments": 7, "thumbnail": "self", "subreddit_id": "t5_2qlqh", "hide_score": true, "edited": false, "link_flair_css_class": null, "author_flair_css_class": "robot", "downs": 0, "secure_media_embed": {}, "saved": false, "removal_reason": null, "stickied": true, "from": null, "is_self": true, "from_id": null, "permalink": "/r/Android/comments/4589jx/what_should_i_buy_thursday_feb_11_2016_your/", "locked": false, "name": "t3_4589jx", "created": 1455217342.0, "url": "https://www.reddit.com/r/Android/comments/4589jx/what_should_i_buy_thursday_feb_11_2016_your/", "author_flair_text": "*beep boop*", "quarantine": false, "title": "What should I buy Thursday (Feb 11 2016) - Your weekly device inquiry thread!", "created_utc": 1455188542.0, "distinguished": "moderator", "mod_reports": [], "visited": false, "num_reports": null, "ups": 5}}, {"kind": "t3", "data": {"domain": "theverge.com", "banned_by": null, "media_embed": {}, "subreddit": "Android", "selftext_html": null, "selftext": "", "likes": null, "suggested_sort": null, "user_reports": [], "secure_media": null, "link_flair_text": null, "id": "45883i", "from_kind": null, "gilded": 0, "archived": false, "clicked": false, "report_reasons": null, "author": "itisOmegakai", "media": null, "score": 23, "approved_by": null, "over_18": false, "hidden": false, "preview": {"images": [{"source": {"url": "https://i.redditmedia.com/55ZA1Nbs74XQ1vrX8YkrWUD9XNwc71QqlpnBz0bTPpA.jpg?s=b3d96559534850484927037bb86510f2", "width": 1600, "height": 900}, "resolutions": [{"url": "https://i.redditmedia.com/55ZA1Nbs74XQ1vrX8YkrWUD9XNwc71QqlpnBz0bTPpA.jpg?fit=crop&amp;crop=faces%2Centropy&amp;arh=2&amp;w=108&amp;s=4b3d1c316d2770484cf4a10cc9de4948", "width": 108, "height": 60}, {"url": "https://i.redditmedia.com/55ZA1Nbs74XQ1vrX8YkrWUD9XNwc71QqlpnBz0bTPpA.jpg?fit=crop&amp;crop=faces%2Centropy&amp;arh=2&amp;w=216&amp;s=57a1e22bd19480fc7d13797c617f0735", "width": 216, "height": 121}, {"url": "https://i.redditmedia.com/55ZA1Nbs74XQ1vrX8YkrWUD9XNwc71QqlpnBz0bTPpA.jpg?fit=crop&amp;crop=faces%2Centropy&amp;arh=2&amp;w=320&amp;s=84b7f02c35580800b1478d7ef0311477", "width": 320, "height": 180}, {"url": "https://i.redditmedia.com/55ZA1Nbs74XQ1vrX8YkrWUD9XNwc71QqlpnBz0bTPpA.jpg?fit=crop&amp;crop=faces%2Centropy&amp;arh=2&amp;w=640&amp;s=051c4a646446be6f8e0a8d11293004aa", "width": 640, "height": 360}, {"url": "https://i.redditmedia.com/55ZA1Nbs74XQ1vrX8YkrWUD9XNwc71QqlpnBz0bTPpA.jpg?fit=crop&amp;crop=faces%2Centropy&amp;arh=2&amp;w=960&amp;s=02c27e3144780ea6f4e08ca91fd2bff2", "width": 960, "height": 540}, {"url": "https://i.redditmedia.com/55ZA1Nbs74XQ1vrX8YkrWUD9XNwc71QqlpnBz0bTPpA.jpg?fit=crop&amp;crop=faces%2Centropy&amp;arh=2&amp;w=1080&amp;s=d1b7f06be0485a427f73735121c6d7d7", "width": 1080, "height": 607}], "variants": {}, "id": "Xo7ZQ87ALZbtZcjrOZZ5lS6xPkQcI8a4bE1YHegFpM4"}]}, "num_comments": 0, "thumbnail": "http://b.thumbs.redditmedia.com/kpjOubfSVT0eqCAf1wGmBG6sdl6u-a_RkwH7OGt9c9A.jpg", "subreddit_id": "t5_2qlqh", "hide_score": true, "edited": false, "link_flair_css_class": null, "author_flair_css_class": null, "downs": 0, "secure_media_embed": {}, "saved": false, "removal_reason": null, "post_hint": "link", "stickied": false, "from": null, "is_self": false, "from_id": null, "permalink": "/r/Android/comments/45883i/new_bill_looks_to_save_smartphone_encryption_from/", "locked": false, "name": "t3_45883i", "created": 1455216456.0, "url": "http://www.theverge.com/2016/2/10/10956622/ted-lieu-blake-farenthold-encryption-bill", "author_flair_text": null, "quarantine": false, "title": "New bill looks to save smartphone encryption from state bans", "created_utc": 1455187656.0, "distinguished": null, "mod_reports": [], "visited": false, "num_reports": null, "ups": 23}}, {"kind": "t3", "data": {"domain": "arstechnica.com", "banned_by": null, "media_embed": {}, "subreddit": "Android", "selftext_html": null, "selftext": "", "likes": null, "suggested_sort": null, "user_reports": [], "secure_media": null, "link_flair_text": null, "id": "458811", "from_kind": null, "gilded": 0, "archived": false, "clicked": false, "report_reasons": null, "author": "itisOmegakai", "media": null, "score": 18, "approved_by": null, "over_18": false, "hidden": false, "preview": {"images": [{"source": {"url": "https://i.redditmedia.com/pnmi2ZDlL-IWnK_KFjnNMeZM8J7Da0jXYbIhjt-OsiU.jpg?s=0a756915b3a8c9927d9c2e977857ad0e", "width": 640, "height": 427}, "resolutions": [{"url": "https://i.redditmedia.com/pnmi2ZDlL-IWnK_KFjnNMeZM8J7Da0jXYbIhjt-OsiU.jpg?fit=crop&amp;crop=faces%2Centropy&amp;arh=2&amp;w=108&amp;s=2917836592c12d17ceb1d8160961fe1b", "width": 108, "height": 72}, {"url": "https://i.redditmedia.com/pnmi2ZDlL-IWnK_KFjnNMeZM8J7Da0jXYbIhjt-OsiU.jpg?fit=crop&amp;crop=faces%2Centropy&amp;arh=2&amp;w=216&amp;s=f6912c3c2c45a15007be2380433504d1", "width": 216, "height": 144}, {"url": "https://i.redditmedia.com/pnmi2ZDlL-IWnK_KFjnNMeZM8J7Da0jXYbIhjt-OsiU.jpg?fit=crop&amp;crop=faces%2Centropy&amp;arh=2&amp;w=320&amp;s=0dcc036619164a2ba361e491b25779fb", "width": 320, "height": 213}, {"url": "https://i.redditmedia.com/pnmi2ZDlL-IWnK_KFjnNMeZM8J7Da0jXYbIhjt-OsiU.jpg?fit=crop&amp;crop=faces%2Centropy&amp;arh=2&amp;w=640&amp;s=dd7b41059efbed56ffadca0f6d819559", "width": 640, "height": 427}], "variants": {}, "id": "cTgGN0vnN7LG2hEkGylRe5Ct6CHZ4LyT963RCcTPEHc"}]}, "num_comments": 1, "thumbnail": "http://b.thumbs.redditmedia.com/9Z5N6bZR2LSX5KMKq7g_g5b7JT7RLx-_bfpmHFa7auI.jpg", "subreddit_id": "t5_2qlqh", "hide_score": true, "edited": false, "link_flair_css_class": null, "author_flair_css_class": null, "downs": 0, "secure_media_embed": {}, "saved": false, "removal_reason": null, "post_hint": "link", "stickied": false, "from": null, "is_self": false, "from_id": null, "permalink": "/r/Android/comments/458811/house_bill_would_kill_state_local_bills_that_aim/", "locked": false, "name": "t3_458811", "created": 1455216422.0, "url": "http://arstechnica.com/tech-policy/2016/02/house-bill-would-kill-state-local-bills-that-aim-to-weaken-smartphone-crypto/", "author_flair_text": null, "quarantine": false, "title": "House bill would kill state, local bills that aim to weaken smartphone crypto", "created_utc": 1455187622.0, "distinguished": null, "mod_reports": [], "visited": false, "num_reports": null, "ups": 18}}, {"kind": "t3", "data": {"domain": "infocenter.arm.com", "banned_by": null, "media_embed": {}, "subreddit": "Android", "selftext_html": null, "selftext": "", "likes": null, "suggested_sort": null, "user_reports": [], "secure_media": null, "link_flair_text": null, "id": "4586cy", "from_kind": null, "gilded": 0, "archived": false, "clicked": false, "report_reasons": null, "author": "itisOmegakai", "media": null, "score": 3, "approved_by": null, "over_18": false, "hidden": false, "num_comments": 1, "thumbnail": "default", "subreddit_id": "t5_2qlqh", "hide_score": true, "edited": false, "link_flair_css_class": null, "author_flair_css_class": null, "downs": 0, "secure_media_embed": {}, "saved": false, "removal_reason": null, "stickied": false, "from": null, "is_self": false, "from_id": null, "permalink": "/r/Android/comments/4586cy/arm_hdlcd_driver_merged_into_drmnext/", "locked": false, "name": "t3_4586cy", "created": 1455215491.0, "url": "http://infocenter.arm.com/help/index.jsp?topic=/com.arm.doc.dui0541c/BABGHGHA.html", "author_flair_text": null, "quarantine": false, "title": "ARM HDLCD Driver Merged Into DRM-Next", "created_utc": 1455186691.0, "distinguished": null, "mod_reports": [], "visited": false, "num_reports": null, "ups": 3}}, {"kind": "t3", "data": {"domain": "androidauthority.com", "banned_by": null, "media_embed": {}, "subreddit": "Android", "selftext_html": null, "selftext": "", "likes": null, "suggested_sort": null, "user_reports": [], "secure_media": null, "link_flair_text": null, "id": "4585mr", "from_kind": null, "gilded": 0, "archived": false, "clicked": false, "report_reasons": null, "author": "riverflop", "media": null, "score": 2, "approved_by": null, "over_18": false, "hidden": false, "preview": {"images": [{"source": {"url": "https://i.redditmedia.com/FjYOQ_Skji8p026sZUzvqVfjGOtc4QcENBsikRGwi_8.jpg?s=8cbdf9a95559d2d7a79dcc340ba7aac4", "width": 840, "height": 472}, "resolutions": [{"url": "https://i.redditmedia.com/FjYOQ_Skji8p026sZUzvqVfjGOtc4QcENBsikRGwi_8.jpg?fit=crop&amp;crop=faces%2Centropy&amp;arh=2&amp;w=108&amp;s=3ea439983021ef5cf6a3649cf2af59ef", "width": 108, "height": 60}, {"url": "https://i.redditmedia.com/FjYOQ_Skji8p026sZUzvqVfjGOtc4QcENBsikRGwi_8.jpg?fit=crop&amp;crop=faces%2Centropy&amp;arh=2&amp;w=216&amp;s=9e5311cdb42a423bfe4a3860bf5f5dca", "width": 216, "height": 121}, {"url": "https://i.redditmedia.com/FjYOQ_Skji8p026sZUzvqVfjGOtc4QcENBsikRGwi_8.jpg?fit=crop&amp;crop=faces%2Centropy&amp;arh=2&amp;w=320&amp;s=70a38100e3dd907f6385047bb3c87cf7", "width": 320, "height": 179}, {"url": "https://i.redditmedia.com/FjYOQ_Skji8p026sZUzvqVfjGOtc4QcENBsikRGwi_8.jpg?fit=crop&amp;crop=faces%2Centropy&amp;arh=2&amp;w=640&amp;s=8768e39d5f40923d7056f126809660dd", "width": 640, "height": 359}], "variants": {}, "id": "rDwKpWoEN-sZd5ALElVChkdEHqx0GFHapVhKe_eOYLA"}]}, "num_comments": 2, "thumbnail": "http://a.thumbs.redditmedia.com/qa3YoybHI5xFKCJ29t1W3A4PSV3AjHkYE2-ZR9jEnA4.jpg", "subreddit_id": "t5_2qlqh", "hide_score": true, "edited": false, "link_flair_css_class": null, "author_flair_css_class": null, "downs": 0, "secure_media_embed": {}, "saved": false, "removal_reason": null, "post_hint": "link", "stickied": false, "from": null, "is_self": false, "from_id": null, "permalink": "/r/Android/comments/4585mr/alcatel_idol_4s_will_be_packaged_in_a_vr_headset/", "locked": false, "name": "t3_4585mr", "created": 1455215077.0, "url": "http://www.androidauthority.com/alcatel-onetouch-idol-4s-vr-packaging-672693/", "author_flair_text": null, "quarantine": false, "title": "Alcatel Idol 4S will be packaged in a VR headset (x-post /r/idol4)", "created_utc": 1455186277.0, "distinguished": null, "mod_reports": [], "visited": false, "num_reports": null, "ups": 2}}, {"kind": "t3", "data": {"domain": "reddit.com", "banned_by": null, "media_embed": {}, "subreddit": "Android", "selftext_html": null, "selftext": "", "likes": null, "suggested_sort": null, "user_reports": [], "secure_media": null, "link_flair_text": "Rumor", "id": "45853e", "from_kind": null, "gilded": 0, "archived": false, "clicked": false, "report_reasons": null, "author": "riverflop", "media": null, "score": 2, "approved_by": null, "over_18": false, "hidden": false, "preview": {"images": [{"source": {"url": "https://i.redditmedia.com/aH0jFEUMa4uwakhmSRGH-O8cinutOfRaAV4uBL2hhbM.jpg?s=d8b6ab91a0d8b446edd87643deae499d", "width": 480, "height": 270}, "resolutions": [{"url": "https://i.redditmedia.com/aH0jFEUMa4uwakhmSRGH-O8cinutOfRaAV4uBL2hhbM.jpg?fit=crop&amp;crop=faces%2Centropy&amp;arh=2&amp;w=108&amp;s=fc99ad46c504329da252373e74928db7", "width": 108, "height": 60}, {"url": "https://i.redditmedia.com/aH0jFEUMa4uwakhmSRGH-O8cinutOfRaAV4uBL2hhbM.jpg?fit=crop&amp;crop=faces%2Centropy&amp;arh=2&amp;w=216&amp;s=45bcb1e4f08071d388412ba0a50cfec7", "width": 216, "height": 121}, {"url": "https://i.redditmedia.com/aH0jFEUMa4uwakhmSRGH-O8cinutOfRaAV4uBL2hhbM.jpg?fit=crop&amp;crop=faces%2Centropy&amp;arh=2&amp;w=320&amp;s=a961bc2a21ee1d3f7f280f01f89f5653", "width": 320, "height": 180}], "variants": {}, "id": "D-o1TrulmOj7QOOqkHwepV7tx5O4ukYSqvTTX1M660g"}]}, "num_comments": 0, "thumbnail": "http://b.thumbs.redditmedia.com/6vHCIgXchbpJ3RHesGg5XJONHMQHaD2WY4PvpR8RaSQ.jpg", "subreddit_id": "t5_2qlqh", "hide_score": false, "edited": false, "link_flair_css_class": "rumor", "author_flair_css_class": null, "downs": 0, "secure_media_embed": {}, "saved": false, "removal_reason": null, "post_hint": "link", "stickied": false, "from": null, "is_self": false, "from_id": null, "permalink": "/r/Android/comments/45853e/idol_3_marshmallow_release_imminent_leaked/", "locked": false, "name": "t3_45853e", "created": 1455214772.0, "url": "https://www.reddit.com/r/idol3/comments/4584tr/idol_3_marshmallow_release_screens/", "author_flair_text": null, "quarantine": false, "title": "Idol 3 Marshmallow release imminent? Leaked screens showcase new UI", "created_utc": 1455185972.0, "distinguished": null, "mod_reports": [], "visited": false, "num_reports": null, "ups": 2}}, {"kind": "t3", "data": {"domain": "youtu.be", "banned_by": null, "media_embed": {"content": "&lt;iframe class=\"embedly-embed\" src=\"//cdn.embedly.com/widgets/media.html?src=https%3A%2F%2Fwww.youtube.com%2Fembed%2FkTxXi_3jNJ0%3Ffeature%3Doembed&amp;url=https%3A%2F%2Fwww.youtube.com%2Fwatch%3Fv%3DkTxXi_3jNJ0%26feature%3Dyoutu.be&amp;image=https%3A%2F%2Fi.ytimg.com%2Fvi%2FkTxXi_3jNJ0%2Fhqdefault.jpg&amp;key=2aa3c4d5f3de4f5b9120b660ad850dc9&amp;type=text%2Fhtml&amp;schema=youtube\" width=\"600\" height=\"450\" scrolling=\"no\" frameborder=\"0\" allowfullscreen&gt;&lt;/iframe&gt;", "width": 600, "scrolling": false, "height": 450}, "subreddit": "Android", "selftext_html": null, "selftext": "", "likes": null, "suggested_sort": null, "user_reports": [], "secure_media": {"type": "youtu.be", "oembed": {"provider_url": "https://www.youtube.com/", "description": "Uploaded by Prism manuel on 2016-02-05.", "title": "Rhino Shield Loose fit!", "url": "http://www.youtube.com/watch?v=kTxXi_3jNJ0", "author_name": "Prism manuel", "height": 450, "width": 600, "html": "&lt;iframe class=\"embedly-embed\" src=\"https://cdn.embedly.com/widgets/media.html?src=https%3A%2F%2Fwww.youtube.com%2Fembed%2FkTxXi_3jNJ0%3Ffeature%3Doembed&amp;url=https%3A%2F%2Fwww.youtube.com%2Fwatch%3Fv%3DkTxXi_3jNJ0%26feature%3Dyoutu.be&amp;image=https%3A%2F%2Fi.ytimg.com%2Fvi%2FkTxXi_3jNJ0%2Fhqdefault.jpg&amp;key=2aa3c4d5f3de4f5b9120b660ad850dc9&amp;type=text%2Fhtml&amp;schema=youtube\" width=\"600\" height=\"450\" scrolling=\"no\" frameborder=\"0\" allowfullscreen&gt;&lt;/iframe&gt;", "thumbnail_width": 480, "version": "1.0", "provider_name": "YouTube", "thumbnail_url": "https://i.embed.ly/1/image?url=https%3A%2F%2Fi.ytimg.com%2Fvi%2FkTxXi_3jNJ0%2Fhqdefault.jpg&amp;key=b1e305db91cf4aa5a86b732cc9fffceb", "type": "video", "thumbnail_height": 360, "author_url": "https://www.youtube.com/channel/UCHzXRepXj7GZ5Agx4mhThRA"}}, "link_flair_text": "Nexus 6P", "id": "457xqo", "from_kind": null, "gilded": 0, "archived": false, "clicked": false, "report_reasons": null, "author": "booleanbalaji", "media": {"type": "youtu.be", "oembed": {"provider_url": "https://www.youtube.com/", "description": "Uploaded by Prism manuel on 2016-02-05.", "title": "Rhino Shield Loose fit!", "url": "http://www.youtube.com/watch?v=kTxXi_3jNJ0", "author_name": "Prism manuel", "height": 450, "width": 600, "html": "&lt;iframe class=\"embedly-embed\" src=\"//cdn.embedly.com/widgets/media.html?src=https%3A%2F%2Fwww.youtube.com%2Fembed%2FkTxXi_3jNJ0%3Ffeature%3Doembed&amp;url=https%3A%2F%2Fwww.youtube.com%2Fwatch%3Fv%3DkTxXi_3jNJ0%26feature%3Dyoutu.be&amp;image=https%3A%2F%2Fi.ytimg.com%2Fvi%2FkTxXi_3jNJ0%2Fhqdefault.jpg&amp;key=2aa3c4d5f3de4f5b9120b660ad850dc9&amp;type=text%2Fhtml&amp;schema=youtube\" width=\"600\" height=\"450\" scrolling=\"no\" frameborder=\"0\" allowfullscreen&gt;&lt;/iframe&gt;", "thumbnail_width": 480, "version": "1.0", "provider_name": "YouTube", "thumbnail_url": "https://i.ytimg.com/vi/kTxXi_3jNJ0/hqdefault.jpg", "type": "video", "thumbnail_height": 360, "author_url": "https://www.youtube.com/channel/UCHzXRepXj7GZ5Agx4mhThRA"}}, "score": 0, "approved_by": null, "over_18": false, "hidden": false, "preview": {"images": [{"source": {"url": "https://i.redditmedia.com/ip6j2Ap9fx5PmcBHCUhRMd6kkeQVXkftBoSHQzPl6pE.jpg?s=a24b9f303958b3bcb5a3c22daec4da0a", "width": 480, "height": 360}, "resolutions": [{"url": "https://i.redditmedia.com/ip6j2Ap9fx5PmcBHCUhRMd6kkeQVXkftBoSHQzPl6pE.jpg?fit=crop&amp;crop=faces%2Centropy&amp;arh=2&amp;w=108&amp;s=86398d47e85cabc26ef7170c24ed47c5", "width": 108, "height": 81}, {"url": "https://i.redditmedia.com/ip6j2Ap9fx5PmcBHCUhRMd6kkeQVXkftBoSHQzPl6pE.jpg?fit=crop&amp;crop=faces%2Centropy&amp;arh=2&amp;w=216&amp;s=bef228145e534592bef0d0044588dbeb", "width": 216, "height": 162}, {"url": "https://i.redditmedia.com/ip6j2Ap9fx5PmcBHCUhRMd6kkeQVXkftBoSHQzPl6pE.jpg?fit=crop&amp;crop=faces%2Centropy&amp;arh=2&amp;w=320&amp;s=ec7d2adc6b8882522fb089fd18806ac8", "width": 320, "height": 240}], "variants": {}, "id": "A91HT8wFXrOr2N3fnYZy0Gt0ABixOlIhIsOM56nu4XE"}]}, "num_comments": 1, "thumbnail": "http://b.thumbs.redditmedia.com/CAlV7T5qDIr50SnlM23WYZyVJV4S4kmG27xij4e8a9w.jpg", "subreddit_id": "t5_2qlqh", "hide_score": false, "edited": false, "link_flair_css_class": "nexusfive", "author_flair_css_class": "userGray", "downs": 0, "secure_media_embed": {"content": "&lt;iframe class=\"embedly-embed\" src=\"https://cdn.embedly.com/widgets/media.html?src=https%3A%2F%2Fwww.youtube.com%2Fembed%2FkTxXi_3jNJ0%3Ffeature%3Doembed&amp;url=https%3A%2F%2Fwww.youtube.com%2Fwatch%3Fv%3DkTxXi_3jNJ0%26feature%3Dyoutu.be&amp;image=https%3A%2F%2Fi.ytimg.com%2Fvi%2FkTxXi_3jNJ0%2Fhqdefault.jpg&amp;key=2aa3c4d5f3de4f5b9120b660ad850dc9&amp;type=text%2Fhtml&amp;schema=youtube\" width=\"600\" height=\"450\" scrolling=\"no\" frameborder=\"0\" allowfullscreen&gt;&lt;/iframe&gt;", "width": 600, "scrolling": false, "height": 450}, "saved": false, "removal_reason": null, "post_hint": "rich:video", "stickied": false, "from": null, "is_self": false, "from_id": null, "permalink": "/r/Android/comments/457xqo/rhinoshield_crash_guard_for_nexus_6p_loose_on_the/", "locked": false, "name": "t3_457xqo", "created": 1455210500.0, "url": "https://youtu.be/kTxXi_3jNJ0", "author_flair_text": "Nexus 6P, Android 6.0.1", "quarantine": false, "title": "Rhinoshield crash guard for Nexus 6P loose on the sides?", "created_utc": 1455181700.0, "distinguished": null, "mod_reports": [], "visited": false, "num_reports": null, "ups": 0}}, {"kind": "t3", "data": {"domain": "gadgets.ndtv.com", "banned_by": null, "media_embed": {}, "subreddit": "Android", "selftext_html": null, "selftext": "", "likes": null, "suggested_sort": null, "user_reports": [], "secure_media": null, "link_flair_text": null, "id": "457hv1", "from_kind": null, "gilded": 0, "archived": false, "clicked": false, "report_reasons": null, "author": "ngrdldn", "media": null, "score": 45, "approved_by": null, "over_18": false, "hidden": false, "preview": {"images": [{"source": {"url": "https://i.redditmedia.com/AZRM2bxvzbw9pMGKefvfyKWDdFFjtcK1GMUPX8UxIMc.jpg?s=adc3b23a694019d62daf03e9fbc8ab02", "width": 800, "height": 600}, "resolutions": [{"url": "https://i.redditmedia.com/AZRM2bxvzbw9pMGKefvfyKWDdFFjtcK1GMUPX8UxIMc.jpg?fit=crop&amp;crop=faces%2Centropy&amp;arh=2&amp;w=108&amp;s=fd48a0a0d22daefa4d8301f2015be8b0", "width": 108, "height": 81}, {"url": "https://i.redditmedia.com/AZRM2bxvzbw9pMGKefvfyKWDdFFjtcK1GMUPX8UxIMc.jpg?fit=crop&amp;crop=faces%2Centropy&amp;arh=2&amp;w=216&amp;s=dc651e3a818a8a55bd4e1822edbafff6", "width": 216, "height": 162}, {"url": "https://i.redditmedia.com/AZRM2bxvzbw9pMGKefvfyKWDdFFjtcK1GMUPX8UxIMc.jpg?fit=crop&amp;crop=faces%2Centropy&amp;arh=2&amp;w=320&amp;s=f6badd9638c1c49aa3a94ad088736a15", "width": 320, "height": 240}, {"url": "https://i.redditmedia.com/AZRM2bxvzbw9pMGKefvfyKWDdFFjtcK1GMUPX8UxIMc.jpg?fit=crop&amp;crop=faces%2Centropy&amp;arh=2&amp;w=640&amp;s=6cc697d134d634e857ca73708a040261", "width": 640, "height": 480}], "variants": {}, "id": "xO8uFKlrfjT-ZFXAPwfPe4K94zP1WQwUFdYcbzLa__Q"}]}, "num_comments": 5, "thumbnail": "http://b.thumbs.redditmedia.com/5cxXYRQmBvAICr61w7yyPOXJV8CUrFnL8_C-HMT2coA.jpg", "subreddit_id": "t5_2qlqh", "hide_score": false, "edited": false, "link_flair_css_class": null, "author_flair_css_class": null, "downs": 0, "secure_media_embed": {}, "saved": false, "removal_reason": null, "post_hint": "link", "stickied": false, "from": null, "is_self": false, "from_id": null, "permalink": "/r/Android/comments/457hv1/microsoft_now_has_74_android_oem_and_other/", "locked": false, "name": "t3_457hv1", "created": 1455200810.0, "url": "http://gadgets.ndtv.com/mobiles/news/microsoft-says-74-android-oems-now-pre-installing-its-apps-acer-joins-list-801009", "author_flair_text": null, "quarantine": false, "title": "Microsoft Now Has 74 Android OEM and Other Hardware Partners", "created_utc": 1455172010.0, "distinguished": null, "mod_reports": [], "visited": false, "num_reports": null, "ups": 45}}, {"kind": "t3", "data": {"domain": "twitter.com", "banned_by": null, "media_embed": {}, "subreddit": "Android", "selftext_html": null, "selftext": "", "likes": null, "suggested_sort": null, "user_reports": [], "secure_media": null, "link_flair_text": "HTC", "id": "457e39", "from_kind": null, "gilded": 0, "archived": false, "clicked": false, "report_reasons": null, "author": "OiYou", "media": null, "score": 28, "approved_by": null, "over_18": false, "hidden": false, "preview": {"images": [{"source": {"url": "https://i.redditmedia.com/0lZK42VzZBILDEsPxi7s0iMUeje5xuW2GnkF0FqE7lw.jpg?s=36d6c37b1d3879d36c41056befed2219", "width": 400, "height": 400}, "resolutions": [{"url": "https://i.redditmedia.com/0lZK42VzZBILDEsPxi7s0iMUeje5xuW2GnkF0FqE7lw.jpg?fit=crop&amp;crop=faces%2Centropy&amp;arh=2&amp;w=108&amp;s=fdd0c4ba872ea3d28d6925e05ebfb855", "width": 108, "height": 108}, {"url": "https://i.redditmedia.com/0lZK42VzZBILDEsPxi7s0iMUeje5xuW2GnkF0FqE7lw.jpg?fit=crop&amp;crop=faces%2Centropy&amp;arh=2&amp;w=216&amp;s=d32e1d591cc61dd3f8ab457769f38af6", "width": 216, "height": 216}, {"url": "https://i.redditmedia.com/0lZK42VzZBILDEsPxi7s0iMUeje5xuW2GnkF0FqE7lw.jpg?fit=crop&amp;crop=faces%2Centropy&amp;arh=2&amp;w=320&amp;s=c86ab3172c77b0ae1c81f5b12518f5c7", "width": 320, "height": 320}], "variants": {}, "id": "54O8BfjpJx5n-0HdVDS2X-LEwe9u5R07JruUuEYecmg"}]}, "num_comments": 13, "thumbnail": "http://b.thumbs.redditmedia.com/yE4dGs1pxyjdcSGBqzmwtrKgs5wnoAI8LbZ71xy4MOY.jpg", "subreddit_id": "t5_2qlqh", "hide_score": false, "edited": false, "link_flair_css_class": "htc", "author_flair_css_class": null, "downs": 0, "secure_media_embed": {}, "saved": false, "removal_reason": null, "post_hint": "link", "stickied": false, "from": null, "is_self": false, "from_id": null, "permalink": "/r/Android/comments/457e39/htc_m10_hitting_us_retail_the_week_of_may_9th/", "locked": false, "name": "t3_457e39", "created": 1455198977.0, "url": "https://twitter.com/evleaks/status/697578005489721344?s=09", "author_flair_text": null, "quarantine": false, "title": "HTC M10: Hitting US retail the week of May 9th?", "created_utc": 1455170177.0, "distinguished": null, "mod_reports": [], "visited": false, "num_reports": null, "ups": 28}}, {"kind": "t3", "data": {"domain": "play.google.com", "banned_by": null, "media_embed": {}, "subreddit": "Android", "selftext_html": null, "selftext": "", "likes": null, "suggested_sort": null, "user_reports": [], "secure_media": null, "link_flair_text": "Google Play", "id": "457ca1", "from_kind": null, "gilded": 0, "archived": false, "clicked": false, "report_reasons": null, "author": "iWizardB", "media": null, "score": 173, "approved_by": null, "over_18": false, "hidden": false, "preview": {"images": [{"source": {"url": "https://i.redditmedia.com/ikiiWq2Ezp4LAbybK7HrDLCfqhKSGE-RzEA-rw1hUPc.jpg?s=015a86079fcbbeaf17fcf405ceb85618", "width": 1600, "height": 900}, "resolutions": [{"url": "https://i.redditmedia.com/ikiiWq2Ezp4LAbybK7HrDLCfqhKSGE-RzEA-rw1hUPc.jpg?fit=crop&amp;crop=faces%2Centropy&amp;arh=2&amp;w=108&amp;s=f3e6a81afa7fd34d3edacf5ce6624f23", "width": 108, "height": 60}, {"url": "https://i.redditmedia.com/ikiiWq2Ezp4LAbybK7HrDLCfqhKSGE-RzEA-rw1hUPc.jpg?fit=crop&amp;crop=faces%2Centropy&amp;arh=2&amp;w=216&amp;s=ae585bfbe547cd98b59e564265d99a1a", "width": 216, "height": 121}, {"url": "https://i.redditmedia.com/ikiiWq2Ezp4LAbybK7HrDLCfqhKSGE-RzEA-rw1hUPc.jpg?fit=crop&amp;crop=faces%2Centropy&amp;arh=2&amp;w=320&amp;s=1fa2d6d0cd5b1213ab1596a21aa73712", "width": 320, "height": 180}, {"url": "https://i.redditmedia.com/ikiiWq2Ezp4LAbybK7HrDLCfqhKSGE-RzEA-rw1hUPc.jpg?fit=crop&amp;crop=faces%2Centropy&amp;arh=2&amp;w=640&amp;s=cdaef83a8db516a013544d0be202d6d8", "width": 640, "height": 360}, {"url": "https://i.redditmedia.com/ikiiWq2Ezp4LAbybK7HrDLCfqhKSGE-RzEA-rw1hUPc.jpg?fit=crop&amp;crop=faces%2Centropy&amp;arh=2&amp;w=960&amp;s=6b2851c8e483dccbd289c5bd35775186", "width": 960, "height": 540}, {"url": "https://i.redditmedia.com/ikiiWq2Ezp4LAbybK7HrDLCfqhKSGE-RzEA-rw1hUPc.jpg?fit=crop&amp;crop=faces%2Centropy&amp;arh=2&amp;w=1080&amp;s=258a64adb06dfdd5a4f5c71cbb898a18", "width": 1080, "height": 607}], "variants": {}, "id": "4aR_n9epU3FVpAgt6CVssa-rlqXZW59_4Ag37Eut_UQ"}]}, "num_comments": 18, "thumbnail": "http://b.thumbs.redditmedia.com/olMTXdZ7sGkLmYeUtsm97NPCvL5W07_WwoyTxKEo2YQ.jpg", "subreddit_id": "t5_2qlqh", "hide_score": false, "edited": false, "link_flair_css_class": "playstore", "author_flair_css_class": "appdev", "downs": 0, "secure_media_embed": {}, "saved": false, "removal_reason": null, "post_hint": "link", "stickied": false, "from": null, "is_self": false, "from_id": null, "permalink": "/r/Android/comments/457ca1/altos_adventure_live_in_play_store_for_free/", "locked": false, "name": "t3_457ca1", "created": 1455198098.0, "url": "https://play.google.com/store/apps/details?id=com.noodlecake.altosadventure", "author_flair_text": "Wizard Work", "quarantine": false, "title": "Alto's Adventure - live in Play Store for free", "created_utc": 1455169298.0, "distinguished": null, "mod_reports": [], "visited": false, "num_reports": null, "ups": 173}}, {"kind": "t3", "data": {"domain": "play.google.com", "banned_by": null, "media_embed": {}, "subreddit": "Android", "selftext_html": null, "selftext": "", "likes": null, "suggested_sort": null, "user_reports": [], "secure_media": null, "link_flair_text": "Google Play", "id": "456udh", "from_kind": null, "gilded": 0, "archived": false, "clicked": false, "report_reasons": null, "author": "theindiandragon", "media": null, "score": 2, "approved_by": null, "over_18": false, "hidden": false, "preview": {"images": [{"source": {"url": "https://i.redditmedia.com/7UQMZ4x5HScFKpiPQe7XrKl_XfMZKEz4wJgT4LjrrqY.jpg?s=8e60a599863ac98f0499daa81c389cfe", "width": 480, "height": 800}, "resolutions": [{"url": "https://i.redditmedia.com/7UQMZ4x5HScFKpiPQe7XrKl_XfMZKEz4wJgT4LjrrqY.jpg?fit=crop&amp;crop=faces%2Centropy&amp;arh=2&amp;w=108&amp;s=dcf9a8fa24fa09409b52252cff354be5", "width": 108, "height": 180}, {"url": "https://i.redditmedia.com/7UQMZ4x5HScFKpiPQe7XrKl_XfMZKEz4wJgT4LjrrqY.jpg?fit=crop&amp;crop=faces%2Centropy&amp;arh=2&amp;w=216&amp;s=f7fb56a268fe5f39446ffbb529c41f0e", "width": 216, "height": 360}, {"url": "https://i.redditmedia.com/7UQMZ4x5HScFKpiPQe7XrKl_XfMZKEz4wJgT4LjrrqY.jpg?fit=crop&amp;crop=faces%2Centropy&amp;arh=2&amp;w=320&amp;s=0a98f60900cdef88d3f68b5f4993d6fd", "width": 320, "height": 533}], "variants": {}, "id": "iUn5Tukh9rHWbicr3PxE2RBW9vMMEaDxPew-RdYxxNE"}]}, "num_comments": 7, "thumbnail": "http://a.thumbs.redditmedia.com/r1MhPV06Ji7WLloagmXPi73IAIvms1PE16iRaNhFCG4.jpg", "subreddit_id": "t5_2qlqh", "hide_score": false, "edited": false, "link_flair_css_class": "playstore", "author_flair_css_class": "userGray", "downs": 0, "secure_media_embed": {}, "saved": false, "removal_reason": null, "post_hint": "link", "stickied": false, "from": null, "is_self": false, "from_id": null, "permalink": "/r/Android/comments/456udh/busy_box_now_supports_suxbin_path_did_anyone_try/", "locked": false, "name": "t3_456udh", "created": 1455190565.0, "url": "https://play.google.com/store/apps/details?id=stericson.busybox", "author_flair_text": "Nexus 6P (S-X),Nexus4(Multi-S-X,MIUI,M),MotoE,GalaxyTab2,U8160", "quarantine": false, "title": "Busy box now supports /su/xbin path , did anyone try it ?", "created_utc": 1455161765.0, "distinguished": null, "mod_reports": [], "visited": false, "num_reports": null, "ups": 2}}, {"kind": "t3", "data": {"domain": "youtube.com", "banned_by": null, "media_embed": {"content": "&lt;iframe class=\"embedly-embed\" src=\"//cdn.embedly.com/widgets/media.html?src=https%3A%2F%2Fwww.youtube.com%2Fembed%2F_YqC9kCRBYU%3Ffeature%3Doembed&amp;url=https%3A%2F%2Fwww.youtube.com%2Fwatch%3Fv%3D_YqC9kCRBYU&amp;image=https%3A%2F%2Fi.ytimg.com%2Fvi%2F_YqC9kCRBYU%2Fhqdefault.jpg&amp;key=2aa3c4d5f3de4f5b9120b660ad850dc9&amp;type=text%2Fhtml&amp;schema=youtube\" width=\"600\" height=\"338\" scrolling=\"no\" frameborder=\"0\" allowfullscreen&gt;&lt;/iframe&gt;", "width": 600, "scrolling": false, "height": 338}, "subreddit": "Android", "selftext_html": null, "selftext": "", "likes": null, "suggested_sort": null, "user_reports": [], "secure_media": {"type": "youtube.com", "oembed": {"provider_url": "https://www.youtube.com/", "description": "In this video I talk about what I want to see in the next version of android. Android N or 7.0 or 6.1 will most likely come out around the middle of the year. This is what i would like to see. Hope you guys enjoy", "title": "Wish List for Android N", "url": "http://www.youtube.com/watch?v=_YqC9kCRBYU", "author_name": "Ben Magalhaes", "height": 338, "width": 600, "html": "&lt;iframe class=\"embedly-embed\" src=\"https://cdn.embedly.com/widgets/media.html?src=https%3A%2F%2Fwww.youtube.com%2Fembed%2F_YqC9kCRBYU%3Ffeature%3Doembed&amp;url=https%3A%2F%2Fwww.youtube.com%2Fwatch%3Fv%3D_YqC9kCRBYU&amp;image=https%3A%2F%2Fi.ytimg.com%2Fvi%2F_YqC9kCRBYU%2Fhqdefault.jpg&amp;key=2aa3c4d5f3de4f5b9120b660ad850dc9&amp;type=text%2Fhtml&amp;schema=youtube\" width=\"600\" height=\"338\" scrolling=\"no\" frameborder=\"0\" allowfullscreen&gt;&lt;/iframe&gt;", "thumbnail_width": 480, "version": "1.0", "provider_name": "YouTube", "thumbnail_url": "https://i.embed.ly/1/image?url=https%3A%2F%2Fi.ytimg.com%2Fvi%2F_YqC9kCRBYU%2Fhqdefault.jpg&amp;key=b1e305db91cf4aa5a86b732cc9fffceb", "type": "video", "thumbnail_height": 360, "author_url": "https://www.youtube.com/user/computers691"}}, "link_flair_text": null, "id": "456r5o", "from_kind": null, "gilded": 0, "archived": false, "clicked": false, "report_reasons": null, "author": "benjomaga", "media": {"type": "youtube.com", "oembed": {"provider_url": "https://www.youtube.com/", "description": "In this video I talk about what I want to see in the next version of android. Android N or 7.0 or 6.1 will most likely come out around the middle of the year. This is what i would like to see. Hope you guys enjoy", "title": "Wish List for Android N", "url": "http://www.youtube.com/watch?v=_YqC9kCRBYU", "author_name": "Ben Magalhaes", "height": 338, "width": 600, "html": "&lt;iframe class=\"embedly-embed\" src=\"//cdn.embedly.com/widgets/media.html?src=https%3A%2F%2Fwww.youtube.com%2Fembed%2F_YqC9kCRBYU%3Ffeature%3Doembed&amp;url=https%3A%2F%2Fwww.youtube.com%2Fwatch%3Fv%3D_YqC9kCRBYU&amp;image=https%3A%2F%2Fi.ytimg.com%2Fvi%2F_YqC9kCRBYU%2Fhqdefault.jpg&amp;key=2aa3c4d5f3de4f5b9120b660ad850dc9&amp;type=text%2Fhtml&amp;schema=youtube\" width=\"600\" height=\"338\" scrolling=\"no\" frameborder=\"0\" allowfullscreen&gt;&lt;/iframe&gt;", "thumbnail_width": 480, "version": "1.0", "provider_name": "YouTube", "thumbnail_url": "https://i.ytimg.com/vi/_YqC9kCRBYU/hqdefault.jpg", "type": "video", "thumbnail_height": 360, "author_url": "https://www.youtube.com/user/computers691"}}, "score": 0, "approved_by": null, "over_18": false, "hidden": false, "preview": {"images": [{"source": {"url": "https://i.redditmedia.com/aDasU9592M1w9YnuyoVhw1M8CdcMLePyMqSzHMcmqZY.jpg?s=8e5b7ee8f18e294057647a6e8154d70e", "width": 480, "height": 360}, "resolutions": [{"url": "https://i.redditmedia.com/aDasU9592M1w9YnuyoVhw1M8CdcMLePyMqSzHMcmqZY.jpg?fit=crop&amp;crop=faces%2Centropy&amp;arh=2&amp;w=108&amp;s=e03078f5ac1ac367a227fa06e5554cb8", "width": 108, "height": 81}, {"url": "https://i.redditmedia.com/aDasU9592M1w9YnuyoVhw1M8CdcMLePyMqSzHMcmqZY.jpg?fit=crop&amp;crop=faces%2Centropy&amp;arh=2&amp;w=216&amp;s=56bd222afaab53a44e8b07296522ea7a", "width": 216, "height": 162}, {"url": "https://i.redditmedia.com/aDasU9592M1w9YnuyoVhw1M8CdcMLePyMqSzHMcmqZY.jpg?fit=crop&amp;crop=faces%2Centropy&amp;arh=2&amp;w=320&amp;s=85b433216cb4ed7f7658e2f97fedfca2", "width": 320, "height": 240}], "variants": {}, "id": "DMg9ofCFb3eDPU-G9yBKMJwMkDHja81lZRWQZbJDgU0"}]}, "num_comments": 7, "thumbnail": "http://b.thumbs.redditmedia.com/JUOCG8EuG3xqvXiHPBUFX6IOGt0dahBk09itx0BErDQ.jpg", "subreddit_id": "t5_2qlqh", "hide_score": false, "edited": false, "link_flair_css_class": null, "author_flair_css_class": null, "downs": 0, "secure_media_embed": {"content": "&lt;iframe class=\"embedly-embed\" src=\"https://cdn.embedly.com/widgets/media.html?src=https%3A%2F%2Fwww.youtube.com%2Fembed%2F_YqC9kCRBYU%3Ffeature%3Doembed&amp;url=https%3A%2F%2Fwww.youtube.com%2Fwatch%3Fv%3D_YqC9kCRBYU&amp;image=https%3A%2F%2Fi.ytimg.com%2Fvi%2F_YqC9kCRBYU%2Fhqdefault.jpg&amp;key=2aa3c4d5f3de4f5b9120b660ad850dc9&amp;type=text%2Fhtml&amp;schema=youtube\" width=\"600\" height=\"338\" scrolling=\"no\" frameborder=\"0\" allowfullscreen&gt;&lt;/iframe&gt;", "width": 600, "scrolling": false, "height": 338}, "saved": false, "removal_reason": null, "post_hint": "rich:video", "stickied": false, "from": null, "is_self": false, "from_id": null, "permalink": "/r/Android/comments/456r5o/wish_list_for_android_n/", "locked": false, "name": "t3_456r5o", "created": 1455189337.0, "url": "https://www.youtube.com/watch?v=_YqC9kCRBYU", "author_flair_text": null, "quarantine": false, "title": "Wish List for Android N", "created_utc": 1455160537.0, "distinguished": null, "mod_reports": [], "visited": false, "num_reports": null, "ups": 0}}, {"kind": "t3", "data": {"domain": "androidandme.com", "banned_by": null, "media_embed": {}, "subreddit": "Android", "selftext_html": null, "selftext": "", "likes": null, "suggested_sort": null, "user_reports": [], "secure_media": null, "link_flair_text": "LG", "id": "456f7i", "from_kind": null, "gilded": 0, "archived": false, "clicked": false, "report_reasons": null, "author": "new_handle", "media": null, "score": 50, "approved_by": null, "over_18": false, "hidden": false, "preview": {"images": [{"source": {"url": "https://i.redditmedia.com/0pUvNur0zDOf0rO8iGHm_v3iN-8NZ9gmL8mcuRlZAmg.jpg?s=6526f7ad6cdfaa92073f5aac1c3ceb01", "width": 630, "height": 630}, "resolutions": [{"url": "https://i.redditmedia.com/0pUvNur0zDOf0rO8iGHm_v3iN-8NZ9gmL8mcuRlZAmg.jpg?fit=crop&amp;crop=faces%2Centropy&amp;arh=2&amp;w=108&amp;s=940e2e3c60060e6324186ee66f1d6fbd", "width": 108, "height": 108}, {"url": "https://i.redditmedia.com/0pUvNur0zDOf0rO8iGHm_v3iN-8NZ9gmL8mcuRlZAmg.jpg?fit=crop&amp;crop=faces%2Centropy&amp;arh=2&amp;w=216&amp;s=2fcc2bb8b2ed75d7672fe85ebe628c73", "width": 216, "height": 216}, {"url": "https://i.redditmedia.com/0pUvNur0zDOf0rO8iGHm_v3iN-8NZ9gmL8mcuRlZAmg.jpg?fit=crop&amp;crop=faces%2Centropy&amp;arh=2&amp;w=320&amp;s=583093bed160b58bfa8c574c2be18557", "width": 320, "height": 320}], "variants": {}, "id": "6z4UZRB-sA0R6dUsNiL760q89TnllEsTo3lvM8bPpNQ"}]}, "num_comments": 9, "thumbnail": "http://a.thumbs.redditmedia.com/dl5ozKy3qYNwj64rXZ9D2wwgPuhw2rv0cRICb9zVR48.jpg", "subreddit_id": "t5_2qlqh", "hide_score": false, "edited": false, "link_flair_css_class": "lg", "author_flair_css_class": null, "downs": 0, "secure_media_embed": {}, "saved": false, "removal_reason": null, "post_hint": "link", "stickied": false, "from": null, "is_self": false, "from_id": null, "permalink": "/r/Android/comments/456f7i/lg_introduces_quick_cover_case_for_the_lg_g5/", "locked": false, "name": "t3_456f7i", "created": 1455184895.0, "url": "http://androidandme.com/2016/02/news/lg-introduces-quick-cover-case-for-the-lg-g5/", "author_flair_text": null, "quarantine": false, "title": "LG introduces Quick Cover case for the LG G5", "created_utc": 1455156095.0, "distinguished": null, "mod_reports": [], "visited": false, "num_reports": null, "ups": 50}}, {"kind": "t3", "data": {"domain": "arstechnica.com", "banned_by": null, "media_embed": {}, "subreddit": "Android", "selftext_html": null, "selftext": "", "likes": null, "suggested_sort": null, "user_reports": [], "secure_media": null, "link_flair_text": null, "id": "456buk", "from_kind": null, "gilded": 0, "archived": false, "clicked": false, "report_reasons": null, "author": "IAmAN00bie", "media": null, "score": 246, "approved_by": null, "over_18": false, "hidden": false, "preview": {"images": [{"source": {"url": "https://i.redditmedia.com/8o12kAsZJ4e9PK2xp8xMeBfe4GqJR1D-s6Yxvd6q3Ho.jpg?s=597bd84661e092dd7ccb72215ab23585", "width": 640, "height": 433}, "resolutions": [{"url": "https://i.redditmedia.com/8o12kAsZJ4e9PK2xp8xMeBfe4GqJR1D-s6Yxvd6q3Ho.jpg?fit=crop&amp;crop=faces%2Centropy&amp;arh=2&amp;w=108&amp;s=fa1ea4bcfe02fd4a78d4e51848cf9c40", "width": 108, "height": 73}, {"url": "https://i.redditmedia.com/8o12kAsZJ4e9PK2xp8xMeBfe4GqJR1D-s6Yxvd6q3Ho.jpg?fit=crop&amp;crop=faces%2Centropy&amp;arh=2&amp;w=216&amp;s=fb126cdf8fafc84438070d11d42ae03f", "width": 216, "height": 146}, {"url": "https://i.redditmedia.com/8o12kAsZJ4e9PK2xp8xMeBfe4GqJR1D-s6Yxvd6q3Ho.jpg?fit=crop&amp;crop=faces%2Centropy&amp;arh=2&amp;w=320&amp;s=65b4193ea50d0bdd96a67dd1f249f9c1", "width": 320, "height": 216}, {"url": "https://i.redditmedia.com/8o12kAsZJ4e9PK2xp8xMeBfe4GqJR1D-s6Yxvd6q3Ho.jpg?fit=crop&amp;crop=faces%2Centropy&amp;arh=2&amp;w=640&amp;s=386523d836e7e45be19d930bdb4ba8ad", "width": 640, "height": 433}], "variants": {}, "id": "NuACaG1DJXxS8YKHs6E23BYAlUKgqXryChOzLPuWkRY"}]}, "num_comments": 10, "thumbnail": "http://b.thumbs.redditmedia.com/RF23nAXpjl2DwIgsinZ8-UZlJpSUD7HYX9oxzVrA3ZA.jpg", "subreddit_id": "t5_2qlqh", "hide_score": false, "edited": false, "link_flair_css_class": null, "author_flair_css_class": "userTeal", "downs": 0, "secure_media_embed": {}, "saved": false, "removal_reason": null, "post_hint": "link", "stickied": false, "from": null, "is_self": false, "from_id": null, "permalink": "/r/Android/comments/456buk/android_app_helps_iranians_avoid_morality_police/", "locked": false, "name": "t3_456buk", "created": 1455183654.0, "url": "http://arstechnica.com/information-technology/2016/02/android-app-helps-iranians-avoid-morality-police-checkpoints/", "author_flair_text": "Mod - Nexus 6P | 64GB Gold", "quarantine": false, "title": "Android app helps Iranians avoid morality police checkpoints", "created_utc": 1455154854.0, "distinguished": null, "mod_reports": [], "visited": false, "num_reports": null, "ups": 246}}, {"kind": "t3", "data": {"domain": "forum.xda-developers.com", "banned_by": null, "media_embed": {}, "subreddit": "Android", "selftext_html": null, "selftext": "", "likes": null, "suggested_sort": null, "user_reports": [], "secure_media": null, "link_flair_text": null, "id": "456bqv", "from_kind": null, "gilded": 0, "archived": false, "clicked": false, "report_reasons": null, "author": "IAmAN00bie", "media": null, "score": 0, "approved_by": null, "over_18": false, "hidden": false, "num_comments": 0, "thumbnail": "default", "subreddit_id": "t5_2qlqh", "hide_score": false, "edited": false, "link_flair_css_class": null, "author_flair_css_class": "userTeal", "downs": 0, "secure_media_embed": {}, "saved": false, "removal_reason": null, "stickied": false, "from": null, "is_self": false, "from_id": null, "permalink": "/r/Android/comments/456bqv/vr_3d_launcher_for_google_cardboard/", "locked": false, "name": "t3_456bqv", "created": 1455183616.0, "url": "http://forum.xda-developers.com/android/apps-games/app-free-vr-3d-launcher-google-cardboard-t3307903", "author_flair_text": "Mod - Nexus 6P | 64GB Gold", "quarantine": false, "title": "VR 3D Launcher for Google Cardboard", "created_utc": 1455154816.0, "distinguished": null, "mod_reports": [], "visited": false, "num_reports": null, "ups": 0}}, {"kind": "t3", "data": {"domain": "cultofandroid.com", "banned_by": null, "media_embed": {}, "subreddit": "Android", "selftext_html": null, "selftext": "", "likes": null, "suggested_sort": null, "user_reports": [], "secure_media": null, "link_flair_text": null, "id": "456az9", "from_kind": null, "gilded": 0, "archived": false, "clicked": false, "report_reasons": null, "author": "flirp_cannon", "media": null, "score": 0, "approved_by": null, "over_18": false, "hidden": false, "preview": {"images": [{"source": {"url": "https://i.redditmedia.com/p7emyRG7HZhzte_GB145mqkS8xhUx6fxWsEbK12fg_Q.jpg?s=47c2e285b3de31868dc3a77e23196971", "width": 728, "height": 450}, "resolutions": [{"url": "https://i.redditmedia.com/p7emyRG7HZhzte_GB145mqkS8xhUx6fxWsEbK12fg_Q.jpg?fit=crop&amp;crop=faces%2Centropy&amp;arh=2&amp;w=108&amp;s=d6d98fb55f75cc464b61c1a50b475da5", "width": 108, "height": 66}, {"url": "https://i.redditmedia.com/p7emyRG7HZhzte_GB145mqkS8xhUx6fxWsEbK12fg_Q.jpg?fit=crop&amp;crop=faces%2Centropy&amp;arh=2&amp;w=216&amp;s=2ff08fb87cf50be5c8088fd25ed7bc25", "width": 216, "height": 133}, {"url": "https://i.redditmedia.com/p7emyRG7HZhzte_GB145mqkS8xhUx6fxWsEbK12fg_Q.jpg?fit=crop&amp;crop=faces%2Centropy&amp;arh=2&amp;w=320&amp;s=eec0e43a103a254d531581156ddcf0bd", "width": 320, "height": 197}, {"url": "https://i.redditmedia.com/p7emyRG7HZhzte_GB145mqkS8xhUx6fxWsEbK12fg_Q.jpg?fit=crop&amp;crop=faces%2Centropy&amp;arh=2&amp;w=640&amp;s=64e28311599f7333f5cd3024ab09692e", "width": 640, "height": 395}], "variants": {}, "id": "76geq8sqTWssgjWViYH_9JZRw62-gAP5ei1bomBka4E"}]}, "num_comments": 22, "thumbnail": "http://b.thumbs.redditmedia.com/K9Y2iP_aQIeSfNgiQoVxPRWRFw6tc5bSLVf6rGbKSSQ.jpg", "subreddit_id": "t5_2qlqh", "hide_score": false, "edited": false, "link_flair_css_class": null, "author_flair_css_class": null, "downs": 0, "secure_media_embed": {}, "saved": false, "removal_reason": null, "post_hint": "link", "stickied": false, "from": null, "is_self": false, "from_id": null, "permalink": "/r/Android/comments/456az9/cult_of_android_qualcomms_new_snapdragon_still/", "locked": false, "name": "t3_456az9", "created": 1455183320.0, "url": "http://www.cultofandroid.com/78709/qualcomms-new-snapdragon-chip-still-cant-beat-last-years-iphone/", "author_flair_text": null, "quarantine": false, "title": "Cult of Android - Qualcomm's new Snapdragon still can't beat last year's iPhone", "created_utc": 1455154520.0, "distinguished": null, "mod_reports": [], "visited": false, "num_reports": null, "ups": 0}}, {"kind": "t3", "data": {"domain": "androidpolice.com", "banned_by": null, "media_embed": {}, "subreddit": "Android", "selftext_html": null, "selftext": "", "likes": null, "suggested_sort": null, "user_reports": [], "secure_media": null, "link_flair_text": null, "id": "456ayl", "from_kind": null, "gilded": 0, "archived": false, "clicked": false, "report_reasons": null, "author": "frost_biten", "media": null, "score": 277, "approved_by": null, "over_18": false, "hidden": false, "preview": {"images": [{"source": {"url": "https://i.redditmedia.com/iIfWieV040WT9ePtBKJLL0emoPI1Ynev-sk3uO_Rzns.jpg?s=bba29095ebf4c04dd43b052d578614fb", "width": 728, "height": 604}, "resolutions": [{"url": "https://i.redditmedia.com/iIfWieV040WT9ePtBKJLL0emoPI1Ynev-sk3uO_Rzns.jpg?fit=crop&amp;crop=faces%2Centropy&amp;arh=2&amp;w=108&amp;s=80978e2354bf225366333165bcf0a5e6", "width": 108, "height": 89}, {"url": "https://i.redditmedia.com/iIfWieV040WT9ePtBKJLL0emoPI1Ynev-sk3uO_Rzns.jpg?fit=crop&amp;crop=faces%2Centropy&amp;arh=2&amp;w=216&amp;s=7563db931807e9c65bbef06134c861b8", "width": 216, "height": 179}, {"url": "https://i.redditmedia.com/iIfWieV040WT9ePtBKJLL0emoPI1Ynev-sk3uO_Rzns.jpg?fit=crop&amp;crop=faces%2Centropy&amp;arh=2&amp;w=320&amp;s=ac22b940c94b5cdd28236d1c3a11af6b", "width": 320, "height": 265}, {"url": "https://i.redditmedia.com/iIfWieV040WT9ePtBKJLL0emoPI1Ynev-sk3uO_Rzns.jpg?fit=crop&amp;crop=faces%2Centropy&amp;arh=2&amp;w=640&amp;s=6a13d0f2f45d7bb001618e63e675fd83", "width": 640, "height": 530}], "variants": {}, "id": "mP8uTsAlorLwQCWWEeMpXwihNMiCfo8UibN_Be87nvs"}]}, "num_comments": 48, "thumbnail": "http://b.thumbs.redditmedia.com/RlK7ZI4OYDiu2QJNGWPVKGn6f27eQwULg4hMNkMgM6o.jpg", "subreddit_id": "t5_2qlqh", "hide_score": false, "edited": false, "link_flair_css_class": null, "author_flair_css_class": "userBlue", "downs": 0, "secure_media_embed": {}, "saved": false, "removal_reason": null, "post_hint": "link", "stickied": false, "from": null, "is_self": false, "from_id": null, "permalink": "/r/Android/comments/456ayl/clock_v43_adds_night_mode_some_slick_new/", "locked": false, "name": "t3_456ayl", "created": 1455183312.0, "url": "http://www.androidpolice.com/2016/02/10/clock-v4-3-adds-night-mode-some-slick-new-animations-and-audio-support-for-android-wear-apk-download/", "author_flair_text": "Nexus 5 \ud83c\udf6d", "quarantine": false, "title": "Clock v4.3 Adds Night Mode, Some Slick New Animations, And Audio Support For Android Wear [APK Download]", "created_utc": 1455154512.0, "distinguished": null, "mod_reports": [], "visited": false, "num_reports": null, "ups": 277}}, {"kind": "t3", "data": {"domain": "androidpolice.com", "banned_by": null, "media_embed": {}, "subreddit": "Android", "selftext_html": null, "selftext": "", "likes": null, "suggested_sort": null, "user_reports": [], "secure_media": null, "link_flair_text": null, "id": "4567qe", "from_kind": null, "gilded": 0, "archived": false, "clicked": false, "report_reasons": null, "author": "bryanbreguet", "media": null, "score": 17, "approved_by": null, "over_18": false, "hidden": false, "preview": {"images": [{"source": {"url": "https://i.redditmedia.com/r420oXlv9G03hmiVw6NvmIID3jBB571u435KNlK2578.jpg?s=edb35947abed6a68bc02883f874e2103", "width": 728, "height": 409}, "resolutions": [{"url": "https://i.redditmedia.com/r420oXlv9G03hmiVw6NvmIID3jBB571u435KNlK2578.jpg?fit=crop&amp;crop=faces%2Centropy&amp;arh=2&amp;w=108&amp;s=c8d542b8e49ab1457b035307b4df09c7", "width": 108, "height": 60}, {"url": "https://i.redditmedia.com/r420oXlv9G03hmiVw6NvmIID3jBB571u435KNlK2578.jpg?fit=crop&amp;crop=faces%2Centropy&amp;arh=2&amp;w=216&amp;s=a63bdd62fc020b20daf75d881ea5c784", "width": 216, "height": 121}, {"url": "https://i.redditmedia.com/r420oXlv9G03hmiVw6NvmIID3jBB571u435KNlK2578.jpg?fit=crop&amp;crop=faces%2Centropy&amp;arh=2&amp;w=320&amp;s=5235fb33022b3527c137c80d2a712566", "width": 320, "height": 179}, {"url": "https://i.redditmedia.com/r420oXlv9G03hmiVw6NvmIID3jBB571u435KNlK2578.jpg?fit=crop&amp;crop=faces%2Centropy&amp;arh=2&amp;w=640&amp;s=709955bafd534bf5e8d1fc3152d7eb08", "width": 640, "height": 359}], "variants": {}, "id": "tOln3oAhOHpUn2UJoyyBdPnBxopVqSubsX8SHgVj5nQ"}]}, "num_comments": 4, "thumbnail": "http://b.thumbs.redditmedia.com/JKws7gPa6mBiEONtPt_LSET7g86Ev7Hn30rHwuSTc4w.jpg", "subreddit_id": "t5_2qlqh", "hide_score": false, "edited": false, "link_flair_css_class": null, "author_flair_css_class": "userBlue", "downs": 0, "secure_media_embed": {}, "saved": false, "removal_reason": null, "post_hint": "link", "stickied": false, "from": null, "is_self": false, "from_id": null, "permalink": "/r/Android/comments/4567qe/android_police_alcatel_onetouch_idol_4s_packaging/", "locked": false, "name": "t3_4567qe", "created": 1455182012.0, "url": "http://www.androidpolice.com/2016/02/10/alcatel-onetouch-idol-4s-packaging-will-allegedly-morph-into-a-google-cardboard-viewer/", "author_flair_text": "Idol 3", "quarantine": false, "title": "[Android Police] Alcatel OneTouch Idol 4S Packaging Will Allegedly Morph Into A Google Cardboard Viewer [x-post with /idol4s]", "created_utc": 1455153212.0, "distinguished": null, "mod_reports": [], "visited": false, "num_reports": null, "ups": 17}}, {"kind": "t3", "data": {"domain": "androidauthority.com", "banned_by": null, "media_embed": {}, "subreddit": "Android", "selftext_html": null, "selftext": "", "likes": null, "suggested_sort": null, "user_reports": [], "secure_media": null, "link_flair_text": "LG", "id": "4551mz", "from_kind": null, "gilded": 0, "archived": false, "clicked": false, "report_reasons": null, "author": "IAmAN00bie", "media": null, "score": 155, "approved_by": null, "over_18": false, "hidden": false, "preview": {"images": [{"source": {"url": "https://i.redditmedia.com/1fqjhhfnLBQzzuP_pQ3w4wUm6LKbf8Q943IM5jHKuhE.jpg?s=d2a14806962a3c9738c4c20a84c260fd", "width": 2160, "height": 1440}, "resolutions": [{"url": "https://i.redditmedia.com/1fqjhhfnLBQzzuP_pQ3w4wUm6LKbf8Q943IM5jHKuhE.jpg?fit=crop&amp;crop=faces%2Centropy&amp;arh=2&amp;w=108&amp;s=6a97bf096643cc81f2c53343dc2fc16d", "width": 108, "height": 72}, {"url": "https://i.redditmedia.com/1fqjhhfnLBQzzuP_pQ3w4wUm6LKbf8Q943IM5jHKuhE.jpg?fit=crop&amp;crop=faces%2Centropy&amp;arh=2&amp;w=216&amp;s=eac70369cf2ec456ddfc99483536d09f", "width": 216, "height": 144}, {"url": "https://i.redditmedia.com/1fqjhhfnLBQzzuP_pQ3w4wUm6LKbf8Q943IM5jHKuhE.jpg?fit=crop&amp;crop=faces%2Centropy&amp;arh=2&amp;w=320&amp;s=c383a7ce9f2a228c87a5959c84b12437", "width": 320, "height": 213}, {"url": "https://i.redditmedia.com/1fqjhhfnLBQzzuP_pQ3w4wUm6LKbf8Q943IM5jHKuhE.jpg?fit=crop&amp;crop=faces%2Centropy&amp;arh=2&amp;w=640&amp;s=c4ce3fe4e81db090fc0a907247658b0f", "width": 640, "height": 426}, {"url": "https://i.redditmedia.com/1fqjhhfnLBQzzuP_pQ3w4wUm6LKbf8Q943IM5jHKuhE.jpg?fit=crop&amp;crop=faces%2Centropy&amp;arh=2&amp;w=960&amp;s=9c54eb4a1537fa39e2b6aaf23e93f618", "width": 960, "height": 640}, {"url": "https://i.redditmedia.com/1fqjhhfnLBQzzuP_pQ3w4wUm6LKbf8Q943IM5jHKuhE.jpg?fit=crop&amp;crop=faces%2Centropy&amp;arh=2&amp;w=1080&amp;s=8b80cf08080556795e49c47d59a119ca", "width": 1080, "height": 720}], "variants": {}, "id": "d8tUNckRxP3UhtXHk1hopswsWOqDj01uw8nFOaCb8AU"}]}, "num_comments": 66, "thumbnail": "http://b.thumbs.redditmedia.com/uFe3A4RkzO4BNDnGx44KuOggqnvZOCxBgAoHvoFi24o.jpg", "subreddit_id": "t5_2qlqh", "hide_score": false, "edited": false, "link_flair_css_class": "lg", "author_flair_css_class": "userTeal", "downs": 0, "secure_media_embed": {}, "saved": false, "removal_reason": null, "post_hint": "link", "stickied": false, "from": null, "is_self": false, "from_id": null, "permalink": "/r/Android/comments/4551mz/looking_back_at_the_lg_g4/", "locked": false, "name": "t3_4551mz", "created": 1455167792.0, "url": "http://www.androidauthority.com/looking-back-at-the-lg-g4-672482/", "author_flair_text": "Mod - Nexus 6P | 64GB Gold", "quarantine": false, "title": "Looking back at the LG G4", "created_utc": 1455138992.0, "distinguished": null, "mod_reports": [], "visited": false, "num_reports": null, "ups": 155}}, {"kind": "t3", "data": {"domain": "self.Android", "banned_by": null, "media_embed": {}, "subreddit": "Android", "selftext_html": "&lt;!-- SC_OFF --&gt;&lt;div class=\"md\"&gt;&lt;p&gt;Sorry if I&amp;#39;m late to the game, but why is there so much Touch Wiz hate on here (Even if it&amp;#39;s improved at 5.1.1 and 6.0)?  Although I don&amp;#39;t use Touch Wiz as my launcher, I find the skin fine on the rest of the areas of the phone fine, not very annoying to me as other have indicated.&lt;/p&gt;\n&lt;/div&gt;&lt;!-- SC_ON --&gt;", "selftext": "Sorry if I'm late to the game, but why is there so much Touch Wiz hate on here (Even if it's improved at 5.1.1 and 6.0)?  Although I don't use Touch Wiz as my launcher, I find the skin fine on the rest of the areas of the phone fine, not very annoying to me as other have indicated.", "likes": null, "suggested_sort": null, "user_reports": [], "secure_media": null, "link_flair_text": null, "id": "454tza", "from_kind": null, "gilded": 0, "archived": false, "clicked": false, "report_reasons": null, "author": "xeon65", "media": null, "score": 0, "approved_by": null, "over_18": false, "hidden": false, "num_comments": 41, "thumbnail": "self", "subreddit_id": "t5_2qlqh", "hide_score": false, "edited": false, "link_flair_css_class": null, "author_flair_css_class": null, "downs": 0, "secure_media_embed": {}, "saved": false, "removal_reason": null, "stickied": false, "from": null, "is_self": true, "from_id": null, "permalink": "/r/Android/comments/454tza/why_all_the_touch_wiz_hate/", "locked": false, "name": "t3_454tza", "created": 1455165370.0, "url": "https://www.reddit.com/r/Android/comments/454tza/why_all_the_touch_wiz_hate/", "author_flair_text": null, "quarantine": false, "title": "Why all the Touch Wiz hate?", "created_utc": 1455136570.0, "distinguished": null, "mod_reports": [], "visited": false, "num_reports": null, "ups": 0}}, {"kind": "t3", "data": {"domain": "self.Android", "banned_by": null, "media_embed": {}, "subreddit": "Android", "selftext_html": "&lt;!-- SC_OFF --&gt;&lt;div class=\"md\"&gt;&lt;p&gt;This was a big deal for me back when I had a limited data tariff on my phone&amp;#39;s contract. Since changing to unlimited data I&amp;#39;ve not given it much thought.&lt;/p&gt;\n\n&lt;p&gt;But recently (Thanks to the ills of the Facebook app which is getting a lot of attention lately...) I&amp;#39;ve thought about how apps using the data connection in the background might also be sapping battery. And some apps I don&amp;#39;t feel comfortable at all about using background data, such as ES File Explorer.&lt;/p&gt;\n\n&lt;p&gt;There&amp;#39;s some which you obviously wouldn&amp;#39;t want to disable background data for, such as WhatsApp, YouTube, etc. Otherwise you wouldn&amp;#39;t get notifications or updates about subscriptions, etc.&lt;/p&gt;\n\n&lt;p&gt;Also, bear in mind it only disables it during data connections, they can still use a background connection when you&amp;#39;re on WiFi.&lt;/p&gt;\n&lt;/div&gt;&lt;!-- SC_ON --&gt;", "selftext": "This was a big deal for me back when I had a limited data tariff on my phone's contract. Since changing to unlimited data I've not given it much thought.\n\nBut recently (Thanks to the ills of the Facebook app which is getting a lot of attention lately...) I've thought about how apps using the data connection in the background might also be sapping battery. And some apps I don't feel comfortable at all about using background data, such as ES File Explorer.\n\nThere's some which you obviously wouldn't want to disable background data for, such as WhatsApp, YouTube, etc. Otherwise you wouldn't get notifications or updates about subscriptions, etc.\n\nAlso, bear in mind it only disables it during data connections, they can still use a background connection when you're on WiFi.", "likes": null, "suggested_sort": null, "user_reports": [], "secure_media": null, "link_flair_text": null, "id": "453wti", "from_kind": null, "gilded": 0, "archived": false, "clicked": false, "report_reasons": null, "author": "Zentaurion", "media": null, "score": 0, "approved_by": null, "over_18": false, "hidden": false, "num_comments": 15, "thumbnail": "self", "subreddit_id": "t5_2qlqh", "hide_score": false, "edited": false, "link_flair_css_class": null, "author_flair_css_class": "userTeal", "downs": 0, "secure_media_embed": {}, "saved": false, "removal_reason": null, "stickied": false, "from": null, "is_self": true, "from_id": null, "permalink": "/r/Android/comments/453wti/psa_if_youre_not_already_doing_so_make_sure_to/", "locked": false, "name": "t3_453wti", "created": 1455154929.0, "url": "https://www.reddit.com/r/Android/comments/453wti/psa_if_youre_not_already_doing_so_make_sure_to/", "author_flair_text": "NE\u274eUS 6P", "quarantine": false, "title": "PSA: If you're not already doing so, make sure to use the \"Restrict App Background Data\" feature to optimise data usage", "created_utc": 1455126129.0, "distinguished": null, "mod_reports": [], "visited": false, "num_reports": null, "ups": 0}}, {"kind": "t3", "data": {"domain": "self.Android", "banned_by": null, "media_embed": {}, "subreddit": "Android", "selftext_html": "&lt;!-- SC_OFF --&gt;&lt;div class=\"md\"&gt;&lt;p&gt;I picked up a Nexus 5X to supplement my iPhone 6S (backup device and keep myself current on the state of Android). Honestly it is surprising just how poorly iOS voice dictation, you really don&amp;#39;t understand it until you have a side by side comparison. iOS randomly adds words or totally cannot understand me, refuses to spell my wife&amp;#39;s name properly even though she is in contacts, I could go on. Not to mention .. wow 6.x is quite polished compared to Lollipop. Quite impressed!&lt;/p&gt;\n&lt;/div&gt;&lt;!-- SC_ON --&gt;", "selftext": "I picked up a Nexus 5X to supplement my iPhone 6S (backup device and keep myself current on the state of Android). Honestly it is surprising just how poorly iOS voice dictation, you really don't understand it until you have a side by side comparison. iOS randomly adds words or totally cannot understand me, refuses to spell my wife's name properly even though she is in contacts, I could go on. Not to mention .. wow 6.x is quite polished compared to Lollipop. Quite impressed!", "likes": null, "suggested_sort": null, "user_reports": [], "secure_media": null, "link_flair_text": null, "id": "453yyr", "from_kind": null, "gilded": 0, "archived": false, "clicked": false, "report_reasons": null, "author": "nothingseen", "media": null, "score": 44, "approved_by": null, "over_18": false, "hidden": false, "num_comments": 26, "thumbnail": "self", "subreddit_id": "t5_2qlqh", "hide_score": false, "edited": false, "link_flair_css_class": null, "author_flair_css_class": null, "downs": 0, "secure_media_embed": {}, "saved": false, "removal_reason": null, "stickied": false, "from": null, "is_self": true, "from_id": null, "permalink": "/r/Android/comments/453yyr/i_forgot_how_good_voice_dictation_can_be/", "locked": false, "name": "t3_453yyr", "created": 1455155574.0, "url": "https://www.reddit.com/r/Android/comments/453yyr/i_forgot_how_good_voice_dictation_can_be/", "author_flair_text": null, "quarantine": false, "title": "I forgot how good voice dictation can be", "created_utc": 1455126774.0, "distinguished": null, "mod_reports": [], "visited": false, "num_reports": null, "ups": 44}}], "after": "t3_453yyr", "before": null}}