{
    "offers": [
        {
            "id": "offerid",
            "title": "Lunch Menu - 12pm to 5pm",
            "desc": "Get two courses for \u00a39.95 or three courses for \u00a311.95",
            "image": "img/ionic.png",
            "validity": "1448310335",
            "otherinfo": "nfdnhguhurhg"
        },
        {
            "id": "offerid",
            "title": "Lunch Menu - 12pm to 5pm",
            "desc": "Get two courses for \u00a39.95 or three courses for \u00a311.95",
            "image": "img/ionic.png",
            "validity": "1448310335",
            "otherinfo": "nfdnhguhurhg"
        },
        {
            "id": "offerid",
            "title": "Lunch Menu - 12pm to 5pm",
            "desc": "Get two courses for \u00a39.95 or three courses for \u00a311.95",
            "image": "img/ionic.png",
            "validity": "1448310335",
            "otherinfo": "nfdnhguhurhg"
        },
        {
            "id": "offerid",
            "title": "Lunch Menu - 12pm to 5pm",
            "desc": "Get two courses for \u00a39.95 or three courses for \u00a311.95",
            "image": "img/ionic.png",
            "validity": "1448310335",
            "otherinfo": "nfdnhguhurhg"
        },
        {
            "id": "offerid",
            "title": "Lunch Menu - 12pm to 5pm",
            "desc": "Get two courses for \u00a39.95 or three courses for \u00a311.95",
            "image": "img/ionic.png",
            "validity": "1448310335",
            "otherinfo": "nfdnhguhurhg"
        },
        {
            "id": "offerid",
            "title": "Lunch Menu - 12pm to 5pm",
            "desc": "Get two courses for \u00a39.95 or three courses for \u00a311.95",
            "image": "img/ionic.png",
            "validity": "1448310335",
            "otherinfo": "nfdnhguhurhg"
        },
        {
            "id": "offerid",
            "title": "Lunch Menu - 12pm to 5pm",
            "desc": "Get two courses for \u00a39.95 or three courses for \u00a311.95",
            "image": "img/ionic.png",
            "validity": "1448310335",
            "otherinfo": "nfdnhguhurhg"
        }
]
}
